iteration,small/fwd
0,0.056898291999459616
1,0.056294646001333604
2,0.056085829999574344
3,0.05598693199863192
4,0.05649116400127241
5,0.05546164299994416
6,0.05558078600006411
7,0.05520075899949006
8,0.05705557900000713
9,0.057804785001280834
