iteration,small/bwd
0,0.1466057350007759
1,0.14774348299943085
2,0.14722186899962253
3,0.14701045699985116
4,0.14772889699997904
5,0.1475886480002373
6,0.14693589600028645
7,0.14787702699868532
8,0.14864485900034197
9,0.1471673739997641
