iteration,large/opt
0,0.9921348990001206
1,0.9923063640001146
2,0.992692457999965
3,0.9927786790001392
4,0.9928338470001563
5,0.9928768330000821
6,0.9927712460000748
7,0.9928682970000864
8,0.993042738999975
9,0.9927807980000125
