iteration,small/opt
0,0.17596134400002938
1,0.1769835290000401
2,0.17991525399997954
3,0.18102099500003987
4,0.19132105000005595
5,0.18103445400004148
6,0.17808810600001834
7,0.17746281699999145
8,0.17670791600005487
9,0.1877311619999773
