iteration,total_ms,comm_ms
0,571.8934936523438,1.2031039914581925
1,569.987060546875,1.145695981103927
2,571.3464965820312,1.1573439782951027
3,570.203857421875,1.2074879843275994
4,569.5314331054688,1.120287987869233
5,570.6207885742188,1.1341759907081723
6,570.2800903320312,1.1248639875557274
7,569.4862060546875,1.1480959907639772
8,570.81005859375,1.1379199905786663
9,569.5765380859375,1.1325759913306683
