iteration,total_ms,comm_ms
0,558.7955322265625,1.2173119944054633
1,558.1552734375,1.3000639902893454
2,558.6198120117188,1.2531519923359156
3,558.1715087890625,1.2253439950291067
4,558.818603515625,1.2099839944858104
5,560.19677734375,1.2981119905598462
6,557.5831909179688,1.2441279920749366
7,557.3067016601562,1.2129279943183064
8,559.0215454101562,1.2445439919829369
9,559.0195922851562,1.2414399923291057
