iteration,total_ms,comm_ms
0,591.4853515625,21.56220817565918
1,591.2484130859375,21.599199295043945
2,590.7493896484375,21.40982437133789
3,592.3942260742188,21.564607620239258
4,592.2871704101562,21.383424758911133
5,591.2927856445312,21.562368392944336
6,593.9161987304688,21.609535217285156
7,592.8894653320312,21.619647979736328
8,592.5489501953125,21.57267189025879
9,592.5023193359375,21.401599884033203
