iteration,total_ms,comm_ms
0,596.1328735351562,34.63158395513892
1,595.9796752929688,34.629408000037074
2,595.8734130859375,34.62198401428759
3,595.781494140625,34.61689596064389
4,595.3929443359375,34.60009605251253
5,595.7427368164062,34.628896025940776
6,596.7083740234375,34.6166080031544
7,596.4519653320312,34.65888003632426
8,596.353759765625,34.67168010212481
9,595.81494140625,34.66182397119701
